{"type":"tabviews","vnumber":100,"ctx":[{"tabs":[{"name":"new tab","widgets":[{"path":"WaveChart","type":"inside","ctx":{".":{"ctx":{".":{"width":1300,"height":300,"x":0,"y":330},"resize_border":{"ctx":{".":{"status":{"mouse":{"mouseX":723,"mouseY":578},"target":{"offset":{"x":330,"y":68},"x":390,"y":330,"width":910,"height":300},"types":[1]},"full_screen":false,"full_height":false,"full_width":false}}}},"font_size":14,"xy_mode":false},"axis_x_wave":{"ctx":{".":{"max_value":49999,"min_value":0,"left_index":10475.99615669834,"right_index":49932.238169183605,"unit_text":"ms","decimal":0},"container":{"ctx":[]}}},"axis_x_wave2":{"ctx":{".":{"max_value":5,"min_value":-5,"left_index":-5.3749723439501034e+98,"right_index":8.062458515925155e+98,"unit_text":""},"container":{"ctx":[]}}},"axis_x_histog":{"ctx":{".":{"max_value":5,"min_value":-5,"left_index":0,"right_index":10,"unit_text":"unit","decimal":3},"container":{"ctx":[]}}},"axis_x_freq":{"ctx":{".":{"max_value":5,"min_value":-5,"left_index":0,"right_index":257,"unit_text":"hz","decimal":3},"container":{"ctx":[]}}},"axis_y_wave":{"ctx":{".":{"top_value":5,"bottom_value":-5,"bar_index":5,"decimal":3}}},"axis_y_bar":{"ctx":{".":{"top_value":82.80688095092773,"bottom_value":-36.13254737854004,"bar_index":5,"decimal":3}}},"wave_check":{"checked":true},"bar_check":{"checked":false},"freq_check":{"checked":false},"histog_check":{"checked":false},"simplify_check":{"checked":false},"all_font_on":{"checked":false},"hide_axis_x_check":{"checked":false},"hide_axis_y_check":{"checked":false},"hide_border_check":{"checked":false},"auto_bt_menu":{"locked":false},"rbw":{"ctx":{".":{"histog_gap_num":10,"freq_gap_num":257,"lines":[7,8,9,10,11],"fake_continuous":true,"line_width":2}}},"x_ch_menu":{"indecies":[]},"theme":{"ctx":{".":{"lineColor2":"#ff5500","lineColor2Follow1":true,"lineColor2Follow2":false,"lineColor":"black","lineColorFollow1":false,"lineColorFollow2":true},"bgProperties":{"ctx":{".":{"bgType":0,"bgOnTop":true,"bgOpacity":1,"bgRatio":1,"bgFillMode":1,"bgLR":0,"bgLRMargin":0,"bgTB":0,"bgTBMargin":0,"bgSource":"","bgColor":"#ffffff","bgColorOpacity":0.6,"bgSourceFollowed":false,"bgColorFollowed":true}}}}}}},{"path":"WaveChart","type":"inside","ctx":{".":{"ctx":{".":{"width":1270,"height":330,"x":10,"y":0},"resize_border":{"ctx":{".":{"status":{"mouse":{"mouseX":641,"mouseY":224},"target":{"offset":{"x":330,"y":68},"x":310,"y":0,"width":970,"height":330},"types":[1]},"full_screen":false,"full_height":false,"full_width":false}}}},"font_size":14,"xy_mode":false},"axis_x_wave":{"ctx":{".":{"max_value":49999,"min_value":0,"left_index":10475.99615669834,"right_index":49932.238169183605,"unit_text":"ms","decimal":0},"container":{"ctx":[]}}},"axis_x_wave2":{"ctx":{".":{"max_value":5,"min_value":-5,"left_index":-5.3749723439501034e+98,"right_index":8.062458515925155e+98,"unit_text":""},"container":{"ctx":[]}}},"axis_x_histog":{"ctx":{".":{"max_value":5,"min_value":-5,"left_index":0,"right_index":10,"unit_text":"unit","decimal":3},"container":{"ctx":[]}}},"axis_x_freq":{"ctx":{".":{"max_value":5,"min_value":-5,"left_index":0,"right_index":257,"unit_text":"hz","decimal":3},"container":{"ctx":[]}}},"axis_y_wave":{"ctx":{".":{"top_value":93.27925882362457,"bottom_value":-86.78742086387543,"bar_index":5,"decimal":3}}},"axis_y_bar":{"ctx":{".":{"top_value":4.459032577461382,"bottom_value":-0.9878477365984182,"bar_index":5,"decimal":3}}},"wave_check":{"checked":true},"bar_check":{"checked":false},"freq_check":{"checked":false},"histog_check":{"checked":false},"simplify_check":{"checked":false},"all_font_on":{"checked":false},"hide_axis_x_check":{"checked":false},"hide_axis_y_check":{"checked":false},"hide_border_check":{"checked":false},"auto_bt_menu":{"locked":false},"rbw":{"ctx":{".":{"histog_gap_num":10,"freq_gap_num":257,"lines":[0,1,2,3,4,5,6,7,8,9,10,11],"fake_continuous":true,"line_width":2}}},"x_ch_menu":{"indecies":[]},"theme":{"ctx":{".":{"lineColor2":"#ff5500","lineColor2Follow1":true,"lineColor2Follow2":false,"lineColor":"black","lineColorFollow1":false,"lineColorFollow2":true},"bgProperties":{"ctx":{".":{"bgType":0,"bgOnTop":true,"bgOpacity":1,"bgRatio":1,"bgFillMode":1,"bgLR":0,"bgLRMargin":0,"bgTB":0,"bgTBMargin":0,"bgSource":"","bgColor":"#ffffff","bgColorOpacity":0.6,"bgSourceFollowed":false,"bgColorFollowed":true}}}}}}}],"file_url":"","bg":{".":{"bgType":1,"bgOnTop":false,"bgOpacity":1,"bgRatio":1,"bgFillMode":1,"bgLR":0,"bgLRMargin":0,"bgTB":0,"bgTBMargin":0,"bgSource":"","bgColor":"#ffffff","bgColorOpacity":1,"bgSourceFollowed":true,"bgColorFollowed":true}}}],"is_top":true,"x":0,"y":0,"width":1920,"height":1020,"currentIndex":0,"lastIndex":0,"file_url":""}]}